City_ID,City,Country,Lat,Lng,Max Temp,Humidity,Cloudiness,Wind Speed,Current Description
0,Saskylakh,RU,71.92,114.08,55.47,52,100,4.16,overcast clouds
1,Castro,BR,-24.79,-50.01,61.23,81,0,4.36,clear sky
2,Gizo,SB,-8.1,156.84,83.7,77,20,9.91,few clouds
3,Busselton,AU,-33.65,115.33,39.0,98,91,7.7,overcast clouds
4,Hithadhoo,MV,-0.6,73.08,82.76,72,84,9.42,heavy intensity rain
5,Matara,LK,5.95,80.54,78.31,85,91,10.54,overcast clouds
6,Rikitea,PF,-23.12,-134.97,70.43,69,38,7.4,scattered clouds
7,Atuona,PF,-9.8,-139.03,79.2,78,15,19.73,few clouds
8,Paramonga,PE,-10.67,-77.83,60.82,86,21,10.07,few clouds
9,Ilulissat,GL,69.22,-51.1,44.6,84,100,8.05,overcast clouds
10,Severo-Kurilsk,RU,50.68,156.12,50.2,88,94,10.29,overcast clouds
11,San Javier,ES,37.81,-0.84,73.99,73,9,8.05,clear sky
12,Faanui,PF,-16.48,-151.75,77.9,77,46,23.91,scattered clouds
13,Airai,TL,-8.93,125.41,66.6,39,38,4.0,scattered clouds
14,Nara,JP,34.69,135.8,88.0,79,75,2.24,broken clouds
15,Saint-Philippe,RE,-21.36,55.77,69.8,73,38,9.17,scattered clouds
16,Mataura,NZ,-46.19,168.86,56.19,60,99,10.54,overcast clouds
17,Port Elizabeth,ZA,-33.92,25.57,46.4,87,75,6.93,light rain
18,Punta Arenas,CL,-53.15,-70.92,39.2,86,98,24.16,light rain
19,Vaini,TO,-21.2,-175.2,80.6,74,20,10.29,few clouds
20,Coulommiers,FR,48.81,3.08,55.99,93,100,11.12,overcast clouds
21,Chokurdakh,RU,70.63,147.92,41.94,83,100,4.32,overcast clouds
22,Barrow,US,71.29,-156.79,39.2,89,90,18.34,overcast clouds
23,Thompson,CA,55.74,-97.86,60.8,63,75,2.24,broken clouds
24,Saint-Augustin,CA,51.23,-58.65,56.82,61,66,8.14,broken clouds
25,Arraial Do Cabo,BR,-22.97,-42.03,73.4,73,0,16.11,clear sky
26,Nikolskoye,RU,59.7,30.79,55.4,93,75,8.95,light intensity shower rain
27,Bethel,US,41.37,-73.41,75.99,94,61,5.73,broken clouds
28,Itarema,BR,-2.92,-39.92,78.73,72,8,19.15,clear sky
29,Mar Del Plata,AR,-38.0,-57.56,44.6,56,75,5.82,broken clouds
30,Mahebourg,MU,-20.41,57.7,69.8,77,40,16.11,scattered clouds
31,Clyde River,CA,70.47,-68.59,48.2,81,1,10.29,clear sky
32,Albany,US,42.6,-73.97,72.0,89,54,1.01,broken clouds
33,Antsohihy,MG,-14.88,47.99,65.25,77,3,5.93,clear sky
34,Tvoroyri,FO,61.56,-6.81,42.8,93,87,6.17,overcast clouds
35,Te Anau,NZ,-45.42,167.72,51.28,75,100,7.29,overcast clouds
36,Lagoa,PT,39.05,-27.98,73.96,95,100,5.66,overcast clouds
37,Cidreira,BR,-30.18,-50.21,66.38,84,42,5.3,scattered clouds
38,Christchurch,NZ,-43.53,172.63,69.8,30,11,17.22,few clouds
39,Ushuaia,AR,-54.8,-68.3,33.8,94,90,14.99,snow
40,Edson,CA,53.58,-116.44,60.8,31,1,14.99,clear sky
41,Kyenjojo,UG,0.63,30.62,60.73,96,100,2.15,overcast clouds
42,Qaanaaq,GL,77.48,-69.36,32.61,86,0,4.43,clear sky
43,Constitucion,CL,-35.33,-72.42,47.59,62,2,11.41,clear sky
44,Bam,IR,29.11,58.36,72.59,18,13,11.5,few clouds
45,Praia,CV,14.92,-23.51,78.8,94,20,2.24,few clouds
46,Nikolayevka,RU,53.13,47.2,55.62,92,28,5.97,scattered clouds
47,Kiruna,SE,67.86,20.23,42.8,87,31,5.82,scattered clouds
48,Coihaique,CL,-45.58,-72.07,41.0,65,75,6.93,broken clouds
49,Kavaratti,IN,10.57,72.64,81.64,78,99,14.34,moderate rain
50,Chulman,RU,56.85,124.91,54.23,64,100,7.52,overcast clouds
51,Bluff,NZ,-46.6,168.33,53.74,74,88,32.59,overcast clouds
52,Marsh Harbour,BS,26.54,-77.06,84.25,71,100,4.52,very heavy rain
53,Bredasdorp,ZA,-34.53,20.04,42.8,87,77,10.29,light rain
54,Dawlatabad,AF,36.41,64.91,68.22,28,0,6.69,clear sky
55,Ribeira Grande,PT,38.52,-28.7,74.75,94,100,5.39,overcast clouds
56,Upernavik,GL,72.79,-56.15,40.06,73,0,4.92,clear sky
57,Comodoro Rivadavia,AR,-45.87,-67.5,48.2,36,14,17.22,few clouds
58,Monrovia,LR,6.3,-10.8,76.12,87,100,12.46,light rain
59,Victoria,HK,22.29,114.16,86.0,70,1,3.24,clear sky
60,Avarua,CK,-21.21,-159.78,78.8,74,15,16.11,few clouds
61,Saint George,US,37.1,-113.58,98.6,16,1,12.75,clear sky
62,Turayf,SA,31.67,38.66,80.6,22,0,9.17,clear sky
63,Yantal,RU,56.85,105.25,56.07,79,90,2.51,overcast clouds
64,Strelka,RU,58.07,93.03,52.83,90,38,2.93,scattered clouds
65,Nizwa,OM,22.93,57.53,85.05,51,71,0.29,broken clouds
66,Hobart,AU,-42.88,147.33,64.99,39,75,14.99,broken clouds
67,Krasnoselkup,RU,65.7,82.47,54.25,93,100,6.4,overcast clouds
68,Alice Springs,AU,-23.7,133.88,75.0,20,0,10.83,clear sky
69,Boyolangu,ID,-8.12,111.89,74.71,76,75,2.39,broken clouds
70,Bosaso,SO,11.28,49.18,91.31,45,81,14.32,broken clouds
71,Garowe,SO,8.41,48.48,77.47,61,70,21.81,broken clouds
72,Cherskiy,RU,68.75,161.3,44.19,79,100,2.84,overcast clouds
73,Senaki,GE,42.27,42.07,62.6,93,0,5.82,clear sky
74,Jamestown,US,42.1,-79.24,66.0,72,75,17.22,broken clouds
75,Zhuhai,CN,22.28,113.57,88.0,79,20,5.82,few clouds
76,Hilo,US,19.73,-155.09,86.0,55,20,11.41,few clouds
77,Lata,PT,40.16,-8.33,62.01,83,0,10.0,clear sky
78,Iquique,CL,-20.22,-70.14,59.0,72,90,12.75,overcast clouds
79,Olga,RU,43.74,135.29,60.24,76,99,16.46,overcast clouds
80,Ancud,CL,-41.87,-73.82,43.0,83,25,1.01,scattered clouds
81,Palmer,US,42.16,-72.33,77.0,78,75,6.93,broken clouds
82,La Maddalena,IT,41.21,9.41,73.4,83,1,2.24,clear sky
83,Rio Gallegos,AR,-51.62,-69.22,41.0,78,40,28.86,scattered clouds
84,Georgetown,MY,5.41,100.34,78.8,94,20,1.12,few clouds
85,Makakilo City,US,21.35,-158.09,89.6,38,1,11.41,clear sky
86,Tuktoyaktuk,CA,69.45,-133.04,46.4,75,40,12.75,scattered clouds
87,Grand Gaube,MU,-20.01,57.66,70.0,75,7,8.99,clear sky
88,Cururupu,BR,-1.83,-44.87,76.53,87,2,5.44,clear sky
89,Sabang,ID,5.89,95.32,83.03,73,73,6.96,broken clouds
90,Kaka,TM,37.35,59.61,74.46,21,0,10.11,clear sky
91,Rocha,UY,-34.48,-54.33,48.87,83,100,14.47,overcast clouds
92,Ukiah,US,39.15,-123.21,90.0,33,1,4.7,haze
93,Breves,BR,-1.68,-50.48,78.93,74,19,4.88,few clouds
94,Felanitx,ES,39.47,3.15,66.2,93,40,2.24,scattered clouds
95,Kijang,KR,35.24,129.21,82.4,78,20,3.36,few clouds
96,Goundam,ML,16.41,-3.67,85.96,59,90,5.97,overcast clouds
97,Kieta,PG,-6.22,155.63,86.23,65,2,7.47,clear sky
98,Katsuura,JP,35.13,140.3,87.01,71,8,5.01,clear sky
99,Yar-Sale,RU,66.83,70.83,39.27,87,64,7.9,broken clouds
100,Wladyslawowo,PL,54.79,18.4,53.6,100,95,1.12,fog
101,Micheweni,TZ,-4.97,39.83,73.47,84,17,7.9,few clouds
102,Quatre Cocos,MU,-20.21,57.76,70.0,77,40,16.11,scattered clouds
103,Saint-Pierre,RE,-21.34,55.48,69.8,73,23,9.17,few clouds
104,Hovd,MN,48.01,91.64,51.46,65,77,4.56,broken clouds
105,Arlit,NE,18.74,7.39,89.51,45,46,11.83,light rain
106,Tasiilaq,GL,65.61,-37.64,44.6,65,100,12.75,light rain
107,Esso,RU,55.93,158.7,51.69,51,85,5.53,overcast clouds
108,Sioux Lookout,CA,50.1,-91.92,62.6,59,40,5.82,scattered clouds
109,Mount Isa,AU,-20.73,139.5,75.2,41,44,12.75,scattered clouds
110,Kaohsiung,TW,22.62,120.31,87.01,79,40,4.7,scattered clouds
111,Tiksi,RU,71.69,128.87,44.76,79,0,8.16,clear sky
112,Pevek,RU,69.7,170.31,39.4,80,100,4.34,overcast clouds
113,Myitkyina,MM,25.38,97.4,74.73,93,100,1.43,light rain
114,Kuldiga,LV,56.97,21.96,62.6,88,40,11.41,scattered clouds
115,Dunedin,NZ,-45.87,170.5,53.01,74,35,8.01,scattered clouds
116,Wembley,AU,-31.93,115.8,52.0,70,15,12.75,few clouds
117,Lebu,CL,-37.62,-73.65,45.63,72,1,14.99,clear sky
118,Padang,ID,-0.95,100.35,77.43,77,84,4.92,broken clouds
119,Flinders,AU,-34.58,150.86,66.99,66,0,5.99,clear sky
120,Avera,US,33.19,-82.53,84.2,83,1,4.7,clear sky
121,Kiama,AU,-34.68,150.87,68.0,57,0,7.0,clear sky
122,Panalingaan,PH,8.78,117.42,83.82,72,100,2.08,overcast clouds
123,Nago,JP,26.59,127.98,84.2,88,1,9.17,clear sky
124,Umm Kaddadah,SD,13.6,26.69,82.26,54,11,4.43,few clouds
125,Henties Bay,NA,-22.12,14.28,51.01,78,0,13.42,clear sky
126,Roald,NO,62.58,6.13,50.0,76,98,6.93,overcast clouds
127,Santana Do Acarau,BR,-3.46,-40.21,77.95,67,35,7.36,scattered clouds
128,East London,ZA,-33.02,27.91,53.46,60,75,18.92,broken clouds
129,Namibe,AO,-15.2,12.15,60.44,70,0,2.59,clear sky
130,Broken Hill,AU,-31.95,141.43,66.2,25,71,13.87,broken clouds
131,Berdigestyakh,RU,62.1,126.7,53.04,91,100,5.23,moderate rain
132,Butaritari,KI,3.07,172.79,83.55,70,48,10.56,scattered clouds
133,Kassala,SD,15.45,36.4,78.26,75,83,12.19,light rain
134,Pathein,MM,16.78,94.73,78.66,92,99,6.13,overcast clouds
135,Lewistown,US,40.6,-77.57,79.0,57,1,10.29,clear sky
136,Paciran,ID,-6.88,112.38,76.68,75,86,6.67,overcast clouds
137,Touros,BR,-5.2,-35.46,77.0,83,40,5.82,scattered clouds
138,Khatanga,RU,71.97,102.5,51.66,68,89,10.36,overcast clouds
139,Port Lincoln,AU,-34.73,135.87,56.17,67,54,19.62,broken clouds
140,Pauini,BR,-7.71,-66.98,78.4,74,69,3.31,broken clouds
141,Hirara,JP,24.8,125.28,84.2,83,20,13.87,few clouds
142,Dikson,RU,73.51,80.55,42.12,95,100,21.43,overcast clouds
143,Luderitz,NA,-26.65,15.16,51.35,66,0,15.84,clear sky
144,Bethalto,US,38.91,-90.04,77.0,78,90,8.05,overcast clouds
145,Cabo San Lucas,MX,22.89,-109.91,82.0,88,90,8.05,overcast clouds
146,Bonavista,CA,48.65,-53.11,59.0,79,61,13.0,broken clouds
147,Ponta Do Sol,PT,32.67,-17.1,71.6,60,40,18.34,scattered clouds
148,New Norfolk,AU,-42.78,147.06,66.0,43,64,4.0,broken clouds
149,Luwuk,ID,-0.95,122.79,79.16,71,100,8.75,overcast clouds
150,Iralaya,HN,15.0,-83.23,87.8,74,40,11.41,scattered clouds
151,Klaksvik,FO,62.23,-6.59,42.8,93,89,3.44,overcast clouds
152,Wajir,KE,1.75,40.06,73.31,76,2,12.93,clear sky
153,Balakhta,RU,55.38,91.6,51.57,89,51,3.29,broken clouds
154,Kapaa,US,22.08,-159.32,84.0,74,40,11.41,light rain
155,San Patricio,MX,19.22,-104.7,86.0,79,75,17.22,broken clouds
156,Coahuayana,MX,18.73,-103.68,77.0,83,75,11.41,broken clouds
157,Kruisfontein,ZA,-34.0,24.73,46.0,75,61,3.0,light rain
158,Cape Town,ZA,-33.93,18.42,46.0,93,75,5.82,light rain
159,Vila Velha,BR,-20.33,-40.29,71.6,94,40,5.82,scattered clouds
160,Falavarjan,IR,32.56,51.51,68.0,18,0,6.93,clear sky
161,Bang Saphan,TH,11.21,99.51,77.0,94,20,3.36,few clouds
162,Mareeba,AU,-17.0,145.43,72.0,76,85,7.0,overcast clouds
163,Jatiroto,ID,-7.88,111.12,73.4,83,75,3.36,broken clouds
164,High Level,CA,58.52,-117.14,50.0,93,75,8.05,shower rain
165,Kerema,PG,-7.96,145.78,82.45,72,19,4.41,few clouds
166,Pavino,RU,59.11,46.14,54.88,96,47,7.47,scattered clouds
167,Kaputa,ZM,-8.47,29.66,73.53,48,20,2.95,few clouds
168,Halifax,CA,44.65,-63.57,64.0,95,100,7.0,moderate rain
169,Derzhavinsk,KZ,51.1,66.32,66.63,52,44,5.41,scattered clouds
170,Berlevag,NO,70.86,29.09,49.86,74,96,10.29,overcast clouds
171,Kodiak,US,57.79,-152.41,53.6,93,90,24.16,light rain
172,Pangnirtung,CA,66.15,-65.71,51.49,46,41,1.36,scattered clouds
173,Los Llanos De Aridane,ES,28.66,-17.92,73.4,73,20,19.46,few clouds
174,San Ramon De La Nueva Oran,AR,-23.13,-64.33,82.99,41,2,4.0,clear sky
175,Kirkwood,US,38.58,-90.41,79.0,65,75,8.05,broken clouds
176,Grindavik,IS,63.84,-22.43,51.8,100,90,14.99,moderate rain
177,Hermanus,ZA,-34.42,19.23,42.01,93,74,3.0,light rain
178,Ugoofaaru,MV,5.67,73.0,82.72,68,100,5.64,overcast clouds
179,Aksehir,TR,38.36,31.42,67.26,25,0,3.6,clear sky
180,Iranshahr,IR,27.2,60.68,84.88,14,3,6.33,clear sky
181,Tulsa,US,36.1,-95.9,82.99,65,75,10.29,broken clouds
182,Selikhino,RU,50.37,137.5,60.53,60,98,7.2,overcast clouds
183,Bandarbeyla,SO,9.49,50.81,77.94,73,94,23.17,overcast clouds
184,Liwale,TZ,-9.77,37.93,63.01,95,8,2.55,clear sky
185,Biak,ID,-0.91,122.88,78.26,75,100,10.07,overcast clouds
186,Along,IN,28.17,94.77,72.55,88,100,1.1,overcast clouds
187,Katherine,AU,-14.47,132.27,77.0,50,82,10.29,broken clouds
188,Yellowknife,CA,62.46,-114.35,48.0,93,90,20.8,light rain
189,Chuy,UY,-33.7,-53.46,53.53,82,96,14.14,overcast clouds
190,Yerbogachen,RU,61.28,108.01,55.99,76,26,4.83,scattered clouds
191,Pskov,RU,57.81,28.35,59.0,93,75,6.71,broken clouds
192,Marawi,PH,8.0,124.29,78.01,81,100,4.0,overcast clouds
193,Laibin,CN,23.7,109.27,81.75,76,82,1.68,broken clouds
194,Xining,CN,36.62,101.77,49.1,84,100,0.78,light rain
195,Nigde,TR,37.83,34.75,57.61,36,0,2.48,clear sky
196,Spornoye,RU,50.84,37.29,59.0,87,25,4.47,scattered clouds
197,Alofi,NU,-19.06,-169.92,80.6,69,32,18.34,scattered clouds
198,Arman,RU,59.7,150.17,55.78,49,0,8.5,clear sky
199,Conceicao Da Barra,BR,-18.59,-39.73,71.91,91,0,5.12,clear sky
200,Luziania,BR,-16.25,-47.95,77.0,38,0,8.05,clear sky
201,Kirakira,SB,-10.45,161.92,85.51,72,81,12.19,broken clouds
202,Vardo,NO,70.37,31.11,51.01,77,70,13.6,broken clouds
203,Tongliao,CN,43.61,122.27,66.09,68,69,4.79,broken clouds
204,Esperance,AU,-33.87,121.9,48.2,100,90,3.36,overcast clouds
205,Basco,PH,20.45,121.97,83.37,80,99,9.26,overcast clouds
206,Pundaguitan,PH,6.37,126.17,83.61,75,100,8.55,heavy intensity rain
207,Barguzin,RU,53.62,109.62,55.13,77,96,6.02,overcast clouds
208,Udachnyy,RU,66.42,112.4,48.2,61,90,2.24,haze
209,Okha,RU,53.57,142.95,56.68,62,0,7.31,clear sky
210,Smithers,CA,54.78,-127.17,57.2,67,75,5.82,broken clouds
211,Seymchan,RU,62.88,152.43,49.14,59,93,6.35,overcast clouds
212,Bengkulu,ID,-3.8,102.27,75.97,82,80,4.7,broken clouds
213,Hamada,JP,34.88,132.08,82.4,78,0,4.7,clear sky
214,Santiago De Chuco,PE,-8.15,-78.18,54.86,50,48,2.57,scattered clouds
215,Mamanguape,BR,-6.84,-35.13,77.0,83,40,10.29,scattered clouds
216,Sorland,NO,67.67,12.69,49.84,67,100,11.99,overcast clouds
217,Khuldabad,IN,20.05,75.18,68.68,100,100,5.35,light rain
218,Grand-Santi,GF,4.25,-54.38,75.34,94,100,2.08,overcast clouds
219,Luena,AO,-11.78,19.92,68.83,58,93,2.75,overcast clouds
220,Talara,PE,-4.58,-81.27,61.99,89,5,16.71,clear sky
221,Moron,AR,-34.65,-58.62,54.0,73,45,5.01,scattered clouds
222,Hasaki,JP,35.73,140.83,87.8,70,20,4.7,few clouds
223,Buin,CL,-33.73,-70.75,55.4,58,0,12.75,clear sky
224,Astana,KZ,51.18,71.45,57.2,71,62,6.71,broken clouds
225,Nantucket,US,41.28,-70.1,72.0,94,90,17.22,mist
226,Vestmannaeyjar,IS,63.44,-20.27,52.25,93,97,11.23,overcast clouds
227,Kamaishi,JP,39.27,141.88,77.0,88,75,6.93,broken clouds
228,Saint-Denis,FR,48.92,2.33,57.99,82,90,4.7,overcast clouds
229,Maragheh,IR,37.39,46.24,68.11,47,0,7.0,clear sky
230,Westport,US,41.14,-73.36,77.0,83,75,9.17,broken clouds
231,Takaka,NZ,-40.85,172.8,55.99,82,100,10.0,overcast clouds
232,Algiers,DZ,36.75,3.04,78.8,54,40,11.41,scattered clouds
233,Ribeira Do Pombal,BR,-10.83,-38.54,69.17,94,58,6.6,broken clouds
234,College,US,64.86,-147.8,64.4,55,40,5.82,scattered clouds
235,Norman Wells,CA,65.28,-126.83,59.0,41,20,9.17,few clouds
236,Araguaina,BR,-7.19,-48.21,80.62,30,7,3.91,clear sky
237,Springfield,US,37.22,-93.3,75.2,73,75,8.05,broken clouds
238,Ulaangom,MN,49.98,92.07,53.67,64,88,1.25,overcast clouds
239,Tocopilla,CL,-22.09,-70.2,61.45,64,25,11.34,scattered clouds
240,Torbay,CA,47.67,-52.73,59.0,76,75,14.99,broken clouds
241,Rexburg,US,43.83,-111.79,87.8,11,1,16.11,clear sky
242,Carnarvon,AU,-24.87,113.63,53.6,66,0,10.29,clear sky
243,Talnakh,RU,69.49,88.4,44.6,100,90,4.47,fog
244,Walvis Bay,NA,-22.96,14.51,51.01,78,0,14.45,clear sky
245,Teguldet,RU,57.31,88.17,57.34,97,100,6.35,overcast clouds
246,Porto Walter,BR,-8.27,-72.74,82.87,49,44,2.68,scattered clouds
247,Kaitangata,NZ,-46.28,169.85,57.47,57,26,18.23,scattered clouds
248,Carbonia,IT,39.17,8.52,80.6,65,0,3.36,clear sky
249,Bernal,PE,-5.45,-80.75,65.61,71,0,18.86,clear sky
250,Lugovoy,KZ,42.95,72.76,61.99,44,0,2.55,clear sky
251,Faya,SA,18.39,42.45,69.8,63,14,2.44,few clouds
252,Mnogovershinnyy,RU,53.94,139.92,56.82,47,0,3.6,clear sky
253,Karasburg,NA,-28.02,18.75,34.25,89,13,6.8,few clouds
254,Puerto Ayora,EC,-0.74,-90.35,65.7,86,97,11.23,overcast clouds
255,Araras,BR,-22.36,-47.38,68.0,68,0,3.36,clear sky
256,Talaya,RU,61.38,152.75,41.88,80,100,6.67,overcast clouds
257,Baherden,TM,38.44,57.43,76.86,23,0,6.98,clear sky
258,Domoni,KM,-12.26,44.53,72.95,72,0,2.75,clear sky
259,Taoudenni,ML,22.68,-3.98,95.0,41,51,17.34,broken clouds
260,Dire,ML,12.28,-10.97,73.6,91,88,1.45,overcast clouds
261,Katobu,ID,-4.94,122.53,80.31,60,44,7.4,scattered clouds
262,Benghazi,LY,32.12,20.07,79.25,60,0,12.73,clear sky
263,Nanortalik,GL,60.14,-45.24,50.04,72,100,10.74,overcast clouds
264,Langsa,ID,4.47,97.97,74.75,93,88,2.26,overcast clouds
265,Salalah,OM,17.02,54.09,77.0,94,90,1.12,overcast clouds
266,Port-Gentil,GA,-0.72,8.78,77.0,83,90,14.52,overcast clouds
267,Appingedam,NL,53.32,6.86,57.2,93,2,11.41,clear sky
268,Khanpur,PK,28.65,70.66,90.39,53,6,3.44,clear sky
269,Aswan,EG,24.09,32.91,84.18,21,0,7.9,clear sky
270,Moose Factory,CA,51.26,-80.61,55.4,76,90,10.29,overcast clouds
271,Belmonte,BR,-15.86,-38.88,73.4,88,90,6.93,overcast clouds
272,Taltal,CL,-25.4,-70.48,56.84,55,18,4.12,few clouds
273,Srednekolymsk,RU,67.45,153.68,48.07,63,30,3.96,scattered clouds
274,Urumqi,CN,43.8,87.6,60.8,63,0,6.71,clear sky
275,Seoul,KR,37.57,126.98,78.8,94,90,2.3,overcast clouds
276,Slave Lake,CA,55.28,-114.77,59.0,51,90,21.92,overcast clouds
277,Lompoc,US,34.64,-120.46,69.01,64,1,12.75,clear sky
278,Dubbo,AU,-32.25,148.62,60.8,67,0,14.99,clear sky
279,Kulhudhuffushi,MV,6.62,73.07,82.96,69,91,7.2,overcast clouds
280,Panjakent,TJ,39.5,67.61,68.0,64,0,4.7,clear sky
281,Thabazimbi,ZA,-24.59,27.41,59.56,30,68,2.62,broken clouds
282,Boguchany,RU,58.38,97.45,53.4,85,0,2.53,clear sky
283,Nabire,ID,-3.37,135.48,76.12,91,100,3.04,overcast clouds
284,Xichang,CN,27.9,102.26,67.6,75,100,0.96,overcast clouds
285,Anloga,GH,5.79,0.9,77.0,88,20,9.17,few clouds
286,Port Blair,IN,11.67,92.75,81.5,78,14,4.18,few clouds
287,Gazanjyk,TM,39.24,55.52,73.99,37,9,4.79,clear sky
288,Yeppoon,AU,-23.13,150.73,68.0,60,90,8.05,overcast clouds
289,Phatthalung,TH,7.5,100.08,75.2,100,20,2.24,few clouds
290,Campamento,HN,14.55,-86.65,74.35,77,10,2.51,clear sky
291,Albion,US,42.24,-84.75,68.0,60,1,6.93,clear sky
292,Iwanai,JP,42.97,140.51,63.95,89,100,6.31,heavy intensity rain
293,Fare,PF,-16.7,-151.02,78.3,74,30,24.09,scattered clouds
294,Karratha,AU,-20.74,116.85,80.64,24,0,18.21,clear sky
295,Radishchevo,RU,52.85,47.88,56.79,91,19,6.67,few clouds
296,Yasnyy,RU,51.03,59.87,67.95,43,95,11.92,overcast clouds
297,Vanavara,RU,60.34,102.28,54.46,77,0,1.81,clear sky
298,Yatou,CN,37.15,122.38,76.32,86,30,7.34,scattered clouds
299,Cocoa Beach,US,28.32,-80.61,84.0,78,90,13.87,thunderstorm
300,Mehran,IR,33.12,46.16,73.4,12,0,4.7,clear sky
301,Tashla,RU,51.77,52.74,64.63,75,85,6.26,overcast clouds
302,Tazmalt,DZ,36.39,4.4,78.8,50,58,4.7,broken clouds
303,Sao Francisco,BR,-15.95,-44.86,72.55,34,0,5.75,clear sky
304,Akhnur,IN,32.87,74.73,80.6,83,0,3.56,smoke
305,Marienburg,PL,54.04,19.03,59.0,100,85,1.12,fog
306,Tangshan,CN,39.63,118.18,75.85,74,23,4.21,few clouds
307,Boa Vista,BR,2.82,-60.67,80.6,78,40,4.7,scattered clouds
308,Port Alfred,ZA,-33.59,26.89,50.52,68,31,20.54,light rain
309,Adrar,MR,20.5,-10.07,95.68,10,49,18.77,scattered clouds
310,San Quintin,MX,30.48,-115.95,73.94,65,1,13.04,clear sky
311,Camacha,PT,33.08,-16.33,71.6,56,40,12.75,scattered clouds
312,Kamenka,RU,51.32,42.77,56.77,75,83,4.65,broken clouds
313,Addis Abeba,ET,9.03,38.75,54.1,79,7,1.01,clear sky
314,Durango,MX,24.83,-104.83,80.33,39,41,5.1,scattered clouds
315,Jizan,SA,17.33,42.67,84.2,74,8,3.36,clear sky
316,Vanimo,PG,-2.67,141.3,84.24,63,62,2.86,broken clouds
317,Kathmandu,NP,27.72,85.32,69.8,94,75,4.7,broken clouds
318,Provideniya,RU,64.38,-173.3,52.47,65,59,9.89,broken clouds
319,Vung Tau,VN,10.35,107.08,81.84,82,89,9.17,overcast clouds
320,Los Algarrobos,PA,8.5,-82.43,77.0,94,75,3.36,broken clouds
321,Korem,ET,12.51,39.52,56.64,93,74,4.27,moderate rain
322,Puerto Escondido,MX,15.85,-97.07,82.4,54,75,6.93,broken clouds
323,Korla,CN,41.76,86.15,71.01,66,0,3.0,clear sky
324,Birjand,IR,32.87,59.22,59.0,30,0,12.68,clear sky
325,Ellenabad,IN,29.45,74.65,85.46,65,0,7.65,clear sky
326,Nakusp,CA,50.25,-117.8,63.0,49,62,1.99,broken clouds
327,Corinto,GR,37.94,22.96,75.0,49,0,1.99,clear sky
328,Luanda,AO,-8.84,13.23,68.0,88,20,5.82,few clouds
329,La Paz,BO,-16.5,-68.15,51.8,23,75,11.41,broken clouds
330,Cagliari,IT,39.24,9.09,80.6,65,0,3.36,clear sky
331,Axim,GH,4.87,-2.24,73.67,90,25,8.08,scattered clouds
332,Yakeshi,CN,49.28,120.73,54.1,92,100,3.74,overcast clouds
333,Valparaiso,CL,-33.04,-71.63,60.8,77,0,2.24,clear sky
334,Kytmanovo,RU,53.46,85.45,53.74,86,71,3.49,broken clouds
335,Narsaq,GL,60.92,-46.05,59.0,33,66,27.51,broken clouds
336,Sorong,ID,-0.88,131.25,77.63,84,100,7.29,moderate rain
337,Kuldur,RU,49.22,131.63,48.67,91,100,12.12,overcast clouds
338,Mezen,RU,65.85,44.24,47.68,77,100,8.99,light rain
339,Mayahi,NE,13.96,7.67,81.88,63,66,11.03,broken clouds
340,Pacific Grove,US,36.62,-121.92,68.0,64,1,12.75,clear sky
341,Beaverlodge,CA,55.22,-119.44,60.8,38,75,26.4,broken clouds
342,Portland,US,45.52,-122.68,78.01,33,20,9.17,few clouds
343,Leningradskiy,RU,69.38,178.42,37.51,85,100,10.71,overcast clouds
344,Taufkirchen,DE,48.04,11.62,59.0,97,98,2.37,overcast clouds
345,Guiyang,CN,26.58,106.72,68.0,88,0,2.24,clear sky
346,Cozumel,MX,20.51,-86.95,86.0,79,75,6.93,broken clouds
347,Hambantota,LK,6.12,81.12,79.92,79,100,16.37,overcast clouds
348,Ponta Delgada,PT,37.73,-25.67,73.4,83,20,5.82,few clouds
349,Port Hardy,CA,50.7,-127.42,62.6,63,75,14.99,broken clouds
350,Bo Phloi,TH,14.32,99.52,77.95,84,28,3.51,scattered clouds
351,Claremore,US,36.31,-95.62,82.0,47,1,4.7,clear sky
352,Tautira,PF,-17.73,-149.15,82.4,61,20,5.82,few clouds
353,Trelew,AR,-43.25,-65.31,44.87,53,0,11.86,clear sky
354,Camacupa,AO,-12.02,17.48,65.52,69,70,4.21,broken clouds
355,Ketchikan,US,55.34,-131.65,57.2,82,75,6.93,broken clouds
356,Leh,IN,34.17,77.58,54.09,42,1,5.53,clear sky
357,Lanzhou,CN,36.06,103.79,53.01,90,100,3.6,light rain
358,Geraldton,AU,-28.77,114.6,46.4,81,0,6.93,clear sky
359,Oyama,JP,36.3,139.8,90.0,79,75,4.7,broken clouds
360,Hualmay,PE,-11.1,-77.61,61.14,84,25,10.8,scattered clouds
361,Santiago Del Estero,AR,-27.8,-64.26,61.92,51,94,17.25,overcast clouds
362,Caravelas,BR,-17.71,-39.25,72.14,89,0,4.97,clear sky
363,Rio Grande,BR,-32.03,-52.1,60.01,95,89,5.01,overcast clouds
364,Nsanje,MW,-16.92,35.26,75.56,39,33,1.59,scattered clouds
365,Hatillo,PR,18.49,-66.83,82.99,100,0,1.01,clear sky
366,Mao,ES,39.89,4.27,68.0,88,40,11.41,thunderstorm
367,Boquira,BR,-12.82,-42.73,72.0,49,19,7.0,few clouds
368,Bella Vista,US,36.43,-94.23,79.0,74,90,6.93,overcast clouds
369,Kermanshah,IR,34.31,47.06,68.0,13,0,4.7,clear sky
370,Kangaatsiaq,GL,68.31,-53.46,43.45,83,100,11.79,overcast clouds
371,Hofn,IS,64.25,-15.21,50.04,76,98,2.3,overcast clouds
372,Hamilton,US,39.18,-84.53,82.0,54,75,12.75,broken clouds
373,Paamiut,GL,61.99,-49.67,46.11,79,63,9.31,broken clouds
374,Baghdad,IQ,33.34,44.4,86.0,35,0,9.17,clear sky
375,Sechura,PE,-5.56,-80.82,64.33,76,2,17.43,clear sky
376,Oktyabrskoye,RU,43.06,44.74,59.0,87,0,4.47,clear sky
377,Tessalit,ML,20.2,1.01,82.17,61,33,14.36,scattered clouds
378,Broome,US,42.25,-75.83,71.01,76,53,11.99,broken clouds
379,Husavik,IS,66.04,-17.34,46.4,87,91,2.24,overcast clouds
380,Hobyo,SO,5.35,48.53,77.04,85,51,22.88,broken clouds
381,Garden City,US,42.33,-83.33,75.99,47,75,14.99,broken clouds
382,Aklavik,CA,68.22,-135.01,57.2,54,20,3.36,few clouds
383,Charlottesville,US,38.03,-78.48,87.8,52,1,4.7,clear sky
384,Forestville,US,38.85,-76.88,84.2,83,1,8.05,clear sky
385,Sandwick,GB,60.0,-1.25,48.2,81,100,5.82,overcast clouds
386,Shingu,JP,33.73,135.98,84.2,74,75,3.36,broken clouds
387,Vigrestad,NO,58.57,5.7,52.0,94,15,21.79,few clouds
388,Vallenar,CL,-28.57,-70.76,58.55,34,31,1.19,scattered clouds
389,Vaitape,PF,-16.52,-151.75,78.73,75,49,24.05,scattered clouds
390,Bremerhaven,DE,53.55,8.58,55.0,100,20,3.36,fog
391,Constantine,DZ,36.37,6.61,77.0,36,59,11.41,broken clouds
392,Tawang,IN,27.58,91.87,55.35,73,70,1.83,broken clouds
393,Paracatu,BR,-17.22,-46.87,69.15,44,0,1.92,clear sky
394,Tecoanapa,MX,16.52,-98.75,79.7,81,100,2.51,overcast clouds
395,Kedrovyy,RU,56.17,91.82,48.2,93,97,2.24,overcast clouds
396,Liverpool,GB,53.41,-2.98,51.01,76,42,5.82,scattered clouds
397,Alekseyevsk,RU,57.84,108.35,58.93,81,87,1.16,overcast clouds
398,Gorele,TR,41.03,39.0,73.4,83,40,5.82,scattered clouds
399,Dongsheng,CN,39.82,109.98,55.29,87,100,19.13,light rain
400,Kampot,KH,10.62,104.18,78.8,88,40,2.24,scattered clouds
401,Bambous Virieux,MU,-20.34,57.76,70.0,77,40,16.11,scattered clouds
402,Maarianhamina,AX,60.1,19.93,51.8,93,20,3.36,few clouds
403,Okakarara,NA,-20.58,17.43,46.72,41,0,7.65,clear sky
404,Kaseda,JP,31.42,130.32,78.8,94,20,5.82,few clouds
405,Nemuro,JP,43.32,145.57,57.2,87,75,9.17,broken clouds
406,Yinchuan,CN,38.47,106.27,61.66,78,99,9.22,light rain
407,Rincon,US,32.3,-81.24,86.0,66,75,10.29,broken clouds
408,Dalby,AU,-27.18,151.27,60.8,72,75,11.41,broken clouds
409,Beni,CD,0.5,29.47,62.47,100,100,2.01,light rain
410,Calabozo,VE,8.92,-67.43,75.79,92,67,2.98,broken clouds
411,Ventspils,LV,57.39,21.56,62.6,88,40,11.41,scattered clouds
412,Kismayo,SO,-0.36,42.55,77.02,83,23,12.84,light rain
413,La Ronge,CA,55.1,-105.28,68.0,56,90,12.75,overcast clouds
414,Burewala,PK,30.17,72.65,85.66,60,0,5.06,clear sky
415,Priekule,LV,56.45,21.59,64.4,82,51,16.11,broken clouds
416,Saint Anthony,US,45.02,-93.22,75.99,41,1,6.93,clear sky
417,Rawson,AR,-43.3,-65.1,45.19,54,0,12.46,clear sky
418,Kibre Mengist,ET,5.88,38.98,55.47,92,48,1.32,scattered clouds
419,Eganville,CA,45.53,-77.1,57.99,96,98,1.01,overcast clouds
420,Velikodvorskiy,RU,55.25,40.67,52.25,94,65,4.18,broken clouds
421,Cap Malheureux,MU,-19.98,57.61,70.0,75,8,8.99,clear sky
422,Isangel,VU,-19.55,169.27,73.4,88,75,11.41,broken clouds
423,Kapuskasing,CA,49.42,-82.43,57.2,93,90,3.36,overcast clouds
424,Noumea,NC,-22.28,166.46,71.6,49,40,19.46,scattered clouds
425,Cariati,IT,39.49,16.96,66.99,66,0,1.01,clear sky
426,Magadi,IN,12.97,77.23,69.8,100,40,9.17,scattered clouds
427,Wattegama,LK,6.8,81.48,75.58,81,99,3.6,overcast clouds
428,Honiara,SB,-9.43,159.95,89.6,66,20,8.05,few clouds
429,Ust-Kuyga,RU,70.02,135.6,54.0,46,13,2.73,few clouds
430,Xapuri,BR,-10.65,-68.5,86.7,35,39,2.93,scattered clouds
431,Arenillas,ES,41.35,-2.85,46.99,79,0,10.0,clear sky
432,Nouadhibou,MR,20.93,-17.03,73.4,78,6,20.8,clear sky
433,Iqaluit,CA,63.75,-68.51,55.4,58,75,9.17,broken clouds
434,Verkhoyansk,RU,67.54,133.38,55.74,39,24,3.44,few clouds
435,Launceston,AU,-41.45,147.17,61.0,66,43,26.4,scattered clouds
436,Gat,IL,31.61,34.76,82.0,16,0,1.16,clear sky
437,Mirnyy,RU,62.54,113.96,48.2,76,100,4.47,haze
438,Kutum,SD,14.2,24.67,75.15,58,68,4.29,broken clouds
439,Klyuchi,RU,52.27,79.17,61.0,54,27,5.86,scattered clouds
440,Malatya,TR,38.5,38.0,59.0,41,0,5.82,clear sky
441,Bambanglipuro,ID,-7.95,110.28,75.96,74,73,5.97,broken clouds
442,Andenes,NO,69.31,16.12,44.6,93,100,8.05,light rain
443,Fier,AL,40.72,19.56,73.35,66,0,3.6,clear sky
444,Mbandaka,CD,0.05,18.26,70.27,94,99,2.37,overcast clouds
445,Aksu,CN,41.12,80.26,66.13,42,2,2.75,clear sky
446,Eyl,SO,7.98,49.82,78.22,71,83,20.24,broken clouds
447,Tucurui,BR,-3.77,-49.67,80.56,57,61,1.54,broken clouds
448,Souillac,MU,-20.52,57.52,69.8,77,40,16.11,scattered clouds
449,Jalu,LY,29.03,21.55,80.74,40,0,7.72,clear sky
450,Palimbang,PH,6.21,124.19,83.95,67,100,0.69,overcast clouds
451,Lucenec,SK,48.33,19.67,64.4,93,53,4.7,broken clouds
452,Muswellbrook,AU,-32.27,150.9,63.0,42,0,7.0,clear sky
453,Nazilli,TR,37.92,28.32,76.26,34,0,1.23,clear sky
454,Candelaria,PH,13.93,121.42,84.0,79,100,1.99,overcast clouds
455,Beringovskiy,RU,63.05,179.32,47.84,86,100,22.86,overcast clouds
456,Giresun,TR,40.5,38.5,69.8,100,75,3.09,broken clouds
457,Sao Jose Da Coroa Grande,BR,-8.9,-35.15,75.16,84,27,12.39,scattered clouds
458,Voh,NC,-20.97,164.7,76.48,47,61,13.44,broken clouds
459,Gimli,CA,50.63,-96.99,73.0,84,31,8.66,scattered clouds
460,Fukue,JP,32.69,128.84,82.4,83,20,6.93,few clouds
461,Sao Filipe,CV,14.9,-24.5,79.54,84,57,6.71,broken clouds
462,Nadym,RU,65.53,72.52,41.9,86,100,6.58,overcast clouds
463,Manta,EC,-0.95,-80.73,73.4,83,90,6.93,overcast clouds
464,Ahipara,NZ,-35.17,173.17,61.68,59,0,4.14,clear sky
465,Riohacha,CO,11.54,-72.91,82.67,76,53,12.21,broken clouds
466,Pergamino,AR,-33.89,-60.57,50.0,76,53,4.0,broken clouds
467,Causapscal,CA,48.35,-67.23,55.99,41,100,6.85,overcast clouds
468,Dauriya,RU,49.93,116.87,54.48,92,100,4.45,overcast clouds
469,Haines Junction,CA,60.75,-137.51,58.44,48,49,7.85,scattered clouds
470,Ust-Ishim,RU,57.69,71.17,55.11,91,62,5.37,broken clouds
471,Tarancon,ES,40.01,-3.01,59.0,54,15,7.0,few clouds
472,Longyearbyen,SJ,78.22,15.64,39.2,69,40,13.87,scattered clouds
473,Swift Current,CA,50.28,-107.8,73.4,40,1,23.04,clear sky
474,Kupino,RU,54.37,77.3,56.55,88,0,5.46,clear sky
475,Peleduy,RU,59.63,112.74,58.6,85,95,2.8,overcast clouds
476,Shakawe,BW,-18.37,21.85,66.76,26,63,4.41,broken clouds
477,Tura,IN,25.52,90.22,73.71,95,84,3.98,broken clouds
478,Dukat,RU,62.55,155.55,40.96,84,100,4.68,overcast clouds
479,Fairbanks,US,64.84,-147.72,64.99,63,1,5.82,clear sky
480,Abha,SA,18.22,42.51,69.8,63,8,3.91,clear sky
481,Stornoway,GB,58.21,-6.39,50.0,93,95,4.7,overcast clouds
482,Ozernovskiy,RU,51.5,156.52,51.44,80,73,6.53,broken clouds
483,Bonthe,SL,7.53,-12.51,76.14,89,100,9.71,moderate rain
484,Giyani,ZA,-23.3,30.72,76.87,27,87,3.22,overcast clouds
485,Lasa,IT,46.62,10.7,55.0,100,75,4.7,broken clouds
486,Dudinka,RU,69.41,86.18,44.6,100,90,4.47,fog
487,Itupiranga,BR,-5.13,-49.33,78.8,74,7,2.24,clear sky
488,Coquimbo,CL,-29.95,-71.34,55.4,76,90,11.41,overcast clouds
489,Opuwo,NA,-18.06,13.84,47.01,52,0,2.26,clear sky
490,Pucallpa,PE,-8.38,-74.55,87.8,58,20,5.82,few clouds
491,Ojinaga,MX,29.57,-104.42,102.2,18,1,3.36,clear sky
492,Oskemen,KZ,49.96,82.61,44.6,93,0,1.28,mist
493,Guerrero Negro,MX,27.98,-114.06,78.28,71,30,10.49,scattered clouds
494,Port Moresby,PG,-9.44,147.18,78.8,88,75,11.41,broken clouds
495,Markova,UA,48.68,24.41,64.49,65,0,6.49,clear sky
496,Inverurie,GB,57.28,-2.38,48.2,87,91,10.29,overcast clouds
497,Macusani,PE,-14.08,-70.43,39.34,75,22,4.9,few clouds
498,Muzhi,RU,65.37,64.67,47.26,68,100,7.87,overcast clouds
499,Joshimath,IN,30.57,79.57,62.13,54,24,1.57,few clouds
500,Poum,NC,-20.23,164.02,70.16,69,81,15.55,moderate rain
501,Staryy Nadym,RU,65.61,72.68,42.04,86,100,6.73,overcast clouds
502,Phan Thiet,VN,10.93,108.1,80.67,82,42,6.62,scattered clouds
503,Sangar,RU,63.92,127.47,54.23,57,100,15.84,overcast clouds
504,Jiayuguan,CN,39.82,98.3,58.14,46,0,3.33,clear sky
505,Malakal,SS,9.53,31.66,70.99,93,95,1.81,overcast clouds
506,Lavrentiya,RU,65.58,-171.0,50.05,62,12,10.09,few clouds
507,Hagere Selam,ET,6.48,38.52,49.12,100,94,2.15,overcast clouds
508,Vaasa,FI,63.1,21.62,53.01,93,61,3.36,broken clouds
509,Dunhua,CN,43.37,128.24,66.69,85,27,1.57,scattered clouds
510,Bereda,ES,43.27,-7.54,52.0,90,22,1.28,few clouds
511,Albury,AU,-36.08,146.92,51.01,93,20,3.36,few clouds
512,Whakatane,NZ,-37.96,176.99,64.0,63,71,5.01,broken clouds
513,Bombay,IN,19.01,72.85,77.0,100,90,12.86,moderate rain
514,Brezice,SI,45.9,15.59,75.0,73,4,3.36,clear sky
515,Bubaque,GW,11.28,-15.83,78.84,82,100,13.69,overcast clouds
516,Kuryk,KZ,43.2,51.65,71.31,80,0,7.96,clear sky
517,Samborondon,EC,-1.95,-79.73,84.2,62,75,5.82,broken clouds
518,Katastarion,GR,37.83,20.77,71.6,94,0,2.24,clear sky
519,Lorengau,PG,-2.02,147.27,84.7,70,83,11.65,broken clouds
520,Hays,US,30.05,-98.03,99.0,33,1,1.99,clear sky
521,Amnat Charoen,TH,15.86,104.63,77.95,86,87,5.1,overcast clouds
522,Mae Chan,TH,20.15,99.85,75.99,100,20,4.7,few clouds
523,Sitka,US,57.05,-135.33,57.2,82,75,4.7,broken clouds
524,Denia,ES,38.84,0.11,72.0,78,9,1.01,clear sky
525,Kuah,MY,6.33,99.84,80.6,94,53,3.36,broken clouds
526,Langa,DK,56.39,9.89,55.0,92,61,4.54,broken clouds
527,Barroso,BR,-21.19,-43.98,66.2,63,0,8.05,clear sky
528,De-Kastri,RU,51.47,140.78,59.52,60,5,5.53,clear sky
529,Venice,US,27.1,-82.45,88.0,79,20,8.05,few clouds
530,Katima Mulilo,NA,-17.5,24.27,71.6,53,68,2.24,broken clouds
531,Evensk,RU,61.95,159.23,57.15,51,69,10.42,broken clouds
532,Mgachi,RU,51.05,142.27,60.37,49,25,3.96,scattered clouds
533,Jerecuaro,MX,20.15,-100.52,73.4,64,75,3.36,broken clouds
534,Burnie,AU,-41.07,145.92,60.01,62,55,5.01,broken clouds
535,Shimoda,JP,34.67,138.95,84.2,79,20,4.7,few clouds
536,Half Moon Bay,US,37.46,-122.43,73.0,56,20,8.05,few clouds
537,Hami,CN,42.8,93.45,67.03,30,25,6.29,scattered clouds
538,Abu Dhabi,AE,24.47,54.37,93.2,75,20,5.82,few clouds
539,Bandar-E Lengeh,IR,26.56,54.88,89.82,61,44,10.4,scattered clouds
540,Tutoia,BR,-2.76,-42.27,80.42,76,6,17.27,clear sky
541,Kupang,ID,-10.17,123.58,78.8,65,20,14.99,few clouds
542,Veldhoven,NL,51.42,5.4,55.0,100,1,4.7,mist
543,Fortuna,US,40.6,-124.16,66.0,77,1,13.87,clear sky
544,Churapcha,RU,62.0,132.43,60.42,36,100,13.47,overcast clouds
545,Deputatskiy,RU,69.3,139.9,37.83,88,99,4.12,overcast clouds
546,Atar,MR,20.52,-13.05,93.81,14,2,8.63,clear sky
547,Harper,LR,4.38,-7.72,75.45,85,81,11.88,light rain
548,Corn Island,NI,12.17,-83.04,83.44,77,66,13.65,broken clouds
549,Nicoya,CR,10.15,-85.45,77.32,89,73,2.64,broken clouds
550,Boda,CF,4.32,17.47,69.84,96,100,1.52,light rain
551,North Myrtle Beach,US,33.82,-78.68,84.99,94,90,3.36,mist
552,Naryan-Mar,RU,67.67,53.09,40.62,82,73,10.54,broken clouds
553,Todos Santos,MX,23.45,-110.22,81.0,83,100,8.01,overcast clouds
554,Kattivakkam,IN,13.22,80.32,82.4,83,40,8.05,mist
555,High Rock,BS,26.62,-78.28,84.2,89,75,3.36,broken clouds
556,Egvekinot,RU,66.32,-179.17,41.04,69,33,16.2,scattered clouds
557,Pagudpud,PH,18.56,120.79,77.0,100,75,2.24,broken clouds
558,Santa Maria,BR,-29.68,-53.81,69.8,94,90,2.24,overcast clouds
559,Smiltene,LV,57.42,25.9,59.0,96,94,3.0,overcast clouds
560,Aguimes,ES,27.91,-15.45,73.99,69,40,20.8,scattered clouds
561,Gamba,GA,-2.65,10.0,73.24,88,100,7.31,light rain
562,Aykhal,RU,66.0,111.5,48.2,61,90,2.24,haze
563,Wadi Maliz,TN,36.47,8.55,80.6,30,40,3.98,scattered clouds
564,Sumoto,JP,34.35,134.9,84.2,83,40,3.36,scattered clouds
565,Mount Gambier,AU,-37.83,140.77,53.6,93,90,21.92,light intensity shower rain
566,Ibirama,BR,-27.06,-49.52,66.99,96,0,1.01,clear sky
567,Kingaroy,AU,-26.53,151.83,60.8,72,90,6.93,overcast clouds
568,Rehnan,IR,32.68,51.6,68.0,18,0,6.93,clear sky
569,Cockburn Town,TC,21.46,-71.14,82.78,78,0,13.13,clear sky
570,Tabou,CI,4.42,-7.35,75.22,85,81,11.34,light rain
571,Taquara,BR,-29.65,-50.78,71.01,83,34,3.0,moderate rain
572,Puerto Colombia,CO,10.99,-74.95,71.6,100,75,5.82,thunderstorm
573,Kokopo,PG,-4.35,152.26,84.54,69,31,16.82,scattered clouds
574,Beruwala,LK,6.48,79.98,79.56,84,74,8.77,light rain
575,Charagua,BO,-19.8,-63.22,76.41,34,0,4.14,clear sky
576,Pemangkat,ID,1.17,108.97,77.61,86,59,5.77,broken clouds
577,Junagarh,IN,19.87,82.93,75.0,89,0,2.86,clear sky
578,Puttur,IN,12.77,75.22,75.2,94,75,1.74,mist
579,Sola,VU,-13.88,167.55,79.25,85,64,23.13,broken clouds
580,Ranghulu,CN,46.65,124.87,63.95,84,94,5.55,overcast clouds
581,Batagay-Alyta,RU,67.8,130.41,51.84,50,100,2.28,overcast clouds
582,Kahului,US,20.89,-156.47,89.6,46,40,31.09,scattered clouds
583,Kholmogory,RU,64.22,41.66,53.6,100,90,4.47,overcast clouds
584,Nam Dinh,VN,20.42,106.17,82.27,86,100,4.81,overcast clouds
585,Balaipungut,ID,1.05,101.28,75.2,94,20,5.82,few clouds
586,Zheleznodorozhnyy,RU,55.75,38.0,59.0,93,96,6.42,light rain
587,Bang Sao Thong,TH,13.6,100.83,84.0,94,20,5.82,few clouds
588,Primero De Enero,CU,21.95,-78.43,84.2,79,20,9.17,few clouds
589,Turkistan,KZ,43.0,68.0,72.01,32,0,16.33,clear sky
590,Ocean City,US,39.28,-74.57,80.6,78,1,9.17,clear sky
591,Alyangula,AU,-13.85,136.42,80.6,51,92,6.93,overcast clouds
592,Jucurutu,BR,-6.03,-37.02,76.14,66,99,14.0,overcast clouds
593,Zhangye,CN,38.93,100.45,58.78,65,99,7.81,overcast clouds
594,Tuatapere,NZ,-46.13,167.68,57.09,62,91,14.67,overcast clouds
595,Baruun-Urt,MN,46.68,113.28,52.74,95,100,13.42,overcast clouds
596,Abulug,PH,18.45,121.45,82.04,71,96,2.71,overcast clouds
597,Tramandai,BR,-29.98,-50.13,67.17,84,31,5.73,scattered clouds
598,Tanout,NE,14.97,8.89,83.75,55,80,12.59,light rain
599,Ozu,JP,33.5,132.55,82.4,83,20,5.82,few clouds
600,Finschhafen,PG,-6.6,147.87,81.68,73,2,12.66,clear sky
601,Valladolid,ES,41.58,-4.67,52.0,81,27,4.7,scattered clouds
602,Abu Samrah,SY,35.3,37.18,73.29,40,0,2.84,clear sky
603,Telhara,IN,21.03,76.84,73.06,94,100,4.12,overcast clouds
604,Orissaare,EE,58.56,23.08,62.01,93,20,8.05,few clouds
605,Shar,KZ,49.59,81.05,55.33,72,0,6.51,clear sky
606,Le Port,RE,-20.94,55.29,68.0,82,75,17.22,light rain
607,Miraflores,MX,19.22,-98.81,73.4,43,40,6.93,scattered clouds
608,Ewo,CG,-0.87,14.82,74.41,82,100,6.49,moderate rain
609,Jacareacanga,BR,-6.22,-57.75,81.12,60,83,2.08,broken clouds
610,Pacifica,US,37.61,-122.49,68.0,93,90,10.29,mist
611,Aleksandrov Gay,RU,50.15,48.57,66.29,63,0,9.35,clear sky
612,Ducheng,CN,23.24,111.53,81.36,80,20,1.63,few clouds
613,Bartica,GY,6.4,-58.62,77.0,100,40,2.24,scattered clouds
614,Batsfjord,NO,70.63,29.72,47.64,76,55,9.62,broken clouds
615,Krasnovka,RU,48.82,40.09,62.91,66,72,3.53,broken clouds
616,Pacatuba,BR,-3.98,-38.62,80.6,78,20,18.34,few clouds
617,Phulabani,IN,20.47,84.23,72.7,92,5,2.53,clear sky
618,Pascagoula,US,30.37,-88.56,82.4,83,40,8.21,scattered clouds
619,Kavieng,PG,-2.57,150.8,84.67,71,36,12.48,scattered clouds
620,Bud,US,39.45,-86.18,77.0,61,59,8.95,broken clouds
621,Calvinia,ZA,-31.47,19.78,33.71,92,40,3.4,scattered clouds
622,Havre-Saint-Pierre,CA,50.23,-63.6,48.2,81,75,5.82,broken clouds
623,Male,MV,4.17,73.51,84.2,79,75,3.36,broken clouds
624,Senanga,ZM,-16.12,23.27,73.47,46,80,3.83,broken clouds
625,Angoche,MZ,-16.23,39.91,71.06,84,17,11.27,few clouds
626,Ucluelet,CA,48.93,-125.55,64.99,59,20,20.8,few clouds
627,Baghmara,IN,23.8,86.21,78.39,79,30,4.81,scattered clouds
628,Batticaloa,LK,7.71,81.69,79.43,77,91,6.31,overcast clouds
629,Iquitos,PE,-3.75,-73.25,86.0,66,61,3.36,broken clouds
630,Gramsh,AL,40.87,20.18,74.19,49,0,4.23,clear sky
631,Olean,US,42.08,-78.43,66.0,77,90,9.17,overcast clouds
632,Oranjestad,AW,12.52,-70.03,86.0,74,40,14.99,scattered clouds
633,Bapatla,IN,15.9,80.47,81.55,80,100,7.54,overcast clouds
634,Laguna,US,38.42,-121.42,91.4,25,1,9.17,clear sky
635,Chantada,ES,42.61,-7.77,51.01,83,2,3.0,clear sky
636,Kitui,KE,-1.37,38.01,62.35,83,47,8.61,scattered clouds
637,Bonfim,BR,3.08,-59.95,78.04,79,98,1.99,overcast clouds
638,Santa Cruz De Tenerife,ES,28.47,-16.25,70.0,82,75,19.46,broken clouds
639,Karlskrona,SE,56.16,15.59,50.0,100,6,2.24,fog
640,Knysna,ZA,-34.04,23.05,42.8,87,41,13.87,light rain
641,Port Hedland,AU,-20.32,118.57,75.2,29,0,8.05,clear sky
642,Safford,US,32.83,-109.71,100.4,22,1,18.34,light rain
643,Trincomalee,LK,8.57,81.23,80.83,77,100,17.69,overcast clouds
644,Sambava,MG,-14.27,50.17,69.01,86,21,12.12,few clouds
645,Sarangani,PH,5.4,125.46,83.79,74,99,8.9,overcast clouds
646,Katsina,NG,12.99,7.6,75.81,80,77,9.46,moderate rain
647,North Bend,US,43.41,-124.22,73.99,68,1,24.16,clear sky
648,Asprovalta,GR,40.72,23.7,73.0,64,0,4.0,clear sky
649,Rokiskis,LT,55.97,25.58,58.06,98,95,7.7,overcast clouds
650,Prainha,BR,-1.8,-53.48,81.63,64,18,2.91,heavy intensity rain
651,Goleniow,PL,53.56,14.83,57.0,93,100,1.12,overcast clouds
652,Moissala,TD,8.34,17.77,69.19,99,99,3.56,overcast clouds
653,Rondon,BR,-23.42,-52.77,71.92,57,0,5.82,clear sky
654,Raudeberg,NO,61.99,5.14,51.01,82,80,18.92,broken clouds
655,Manicore,BR,-5.81,-61.3,85.55,50,96,1.14,overcast clouds
656,Oksfjord,NO,70.24,22.35,50.0,71,70,14.99,broken clouds
657,Lazaro Cardenas,MX,17.96,-102.2,80.89,83,65,3.85,broken clouds
658,Manyana,BW,-23.4,21.72,44.62,56,15,12.91,few clouds
659,Camden,US,39.78,-74.97,78.01,93,57,7.94,broken clouds
660,Evreux,FR,49.02,1.15,55.0,87,90,3.36,overcast clouds
661,Dumai,ID,1.68,101.45,74.46,94,62,3.22,broken clouds
662,Lidice,PA,8.75,-79.9,78.8,88,75,7.09,broken clouds
663,Lake Havasu City,US,34.48,-114.32,107.6,17,1,11.41,clear sky
664,Komsomolskiy,UZ,40.43,71.72,69.8,52,23,6.93,few clouds
665,Manavalakurichi,IN,8.13,77.3,80.6,88,20,2.24,mist
666,Uvalde,US,29.37,-99.77,100.4,31,40,8.05,scattered clouds
667,Rosarito,MX,32.33,-117.03,77.0,64,1,6.93,clear sky
668,Lukovetskiy,RU,64.3,41.92,53.6,100,90,4.47,overcast clouds
669,Rafaela,AR,-31.25,-61.49,55.99,51,87,5.01,overcast clouds
670,Byron Bay,AU,-28.65,153.62,66.99,82,90,4.7,overcast clouds
671,Shepsi,RU,44.04,39.15,72.0,50,0,6.33,clear sky
672,Nelson Bay,AU,-32.72,152.15,64.99,62,0,6.93,clear sky
673,Atasu,KZ,48.68,71.64,60.22,47,0,7.05,clear sky
674,Cap-Aux-Meules,CA,47.38,-61.86,59.0,77,90,6.93,moderate rain
675,Champerico,GT,14.3,-91.92,82.4,83,75,9.17,thunderstorm
676,Koster,ZA,-25.86,26.9,42.12,59,61,19.62,broken clouds
677,Taylorville,US,39.55,-89.29,75.99,68,1,4.7,clear sky
678,Dingle,PH,11.0,122.67,81.16,82,100,5.99,overcast clouds
679,Bandar,ID,2.05,99.75,73.27,92,77,2.19,broken clouds
680,Mount Vernon,US,40.91,-73.84,80.6,74,1,11.41,clear sky
681,Vao,NC,-22.67,167.48,66.81,62,70,16.24,broken clouds
682,Oriximina,BR,-1.77,-55.87,76.62,87,28,5.77,scattered clouds
683,Khorramshahr,IR,30.44,48.17,84.2,42,0,4.7,clear sky
684,Mana,GF,5.66,-53.78,78.89,87,99,7.27,overcast clouds
685,Xam Nua,LA,20.42,104.04,69.3,91,100,1.36,overcast clouds
686,Kalachinsk,RU,55.05,74.58,59.05,89,28,2.44,scattered clouds
687,The Pas,CA,53.83,-101.25,68.0,60,1,20.8,clear sky
688,Teguise,ES,29.06,-13.56,73.4,69,40,17.22,scattered clouds
689,Najran,SA,17.49,44.13,82.4,26,36,2.24,scattered clouds
690,Kasangulu,CD,-4.59,15.17,77.0,69,40,4.7,scattered clouds
691,Kangaba,ML,11.93,-8.42,72.57,92,100,4.79,light rain
692,Waingapu,ID,-9.66,120.26,78.33,67,7,12.28,clear sky
693,Beyneu,KZ,45.32,55.2,73.0,59,94,9.06,overcast clouds
694,Sao Joao Da Barra,BR,-21.64,-41.05,73.09,84,2,18.19,clear sky
695,Ajuchitlan,MX,20.72,-100.02,74.43,51,67,11.97,broken clouds
696,Atikokan,CA,48.76,-91.62,60.91,64,25,6.22,scattered clouds
697,Anadyr,RU,64.75,177.48,50.0,66,96,15.66,overcast clouds
698,Setermoen,NO,68.86,18.35,44.6,93,93,10.29,overcast clouds
699,Altamira,BR,-3.2,-52.21,81.14,60,61,2.59,broken clouds
700,Porto Novo,BJ,6.5,2.6,77.0,88,20,11.41,few clouds
701,Sompeta,IN,18.93,84.6,81.09,82,34,3.98,scattered clouds
702,Nyurba,RU,63.28,118.33,54.75,81,100,3.18,overcast clouds
703,Samandag,TR,36.08,35.98,75.2,88,0,3.36,clear sky
704,Kapit,MY,2.02,112.93,74.61,94,99,1.05,overcast clouds
705,Cabedelo,BR,-6.98,-34.83,77.0,83,40,10.29,scattered clouds
706,Lufilufi,WS,-13.87,-171.6,87.8,70,75,16.11,broken clouds
707,Matagami,CA,49.75,-77.63,55.4,87,90,3.85,moderate rain
708,Novaya Lyalya,RU,59.05,60.6,58.75,94,90,5.32,overcast clouds
709,Warrington,GB,53.39,-2.58,50.0,76,28,5.82,scattered clouds
710,Coari,BR,-4.08,-63.14,76.15,85,80,1.79,broken clouds
711,Terrak,NO,65.09,12.37,46.4,93,18,4.7,few clouds
712,Ola,RU,59.58,151.28,54.77,56,0,8.77,clear sky
713,Olden,NO,61.84,6.81,48.99,92,98,1.99,light rain
714,Uyuni,BO,-20.46,-66.83,48.74,34,0,6.24,clear sky
715,Mackenzie,CA,55.3,-123.17,57.2,50,75,6.93,broken clouds
716,Enshi,CN,30.3,109.48,74.77,84,10,0.78,clear sky
717,Carballo,ES,43.21,-8.69,59.0,82,20,3.36,few clouds
718,Paka,MY,4.64,103.44,77.0,88,40,3.36,scattered clouds
719,Anastacio,BR,-20.48,-55.81,81.86,21,0,4.32,clear sky
720,Mitsamiouli,KM,-11.38,43.28,75.29,71,0,10.51,clear sky
721,Cootamundra,AU,-34.65,148.03,56.35,71,0,8.55,clear sky
